{"loss": [0.617584228515625, 0.5970688462257385, 0.5853516459465027, 0.574470043182373, 0.5617639422416687, 0.5431913733482361, 0.5190398097038269, 0.4964408874511719, 0.4708508253097534, 0.44146451354026794], "accuracy": [0.6756186485290527, 0.6942259669303894, 0.6990216970443726, 0.7076539397239685, 0.7174371480941772, 0.7304815053939819, 0.7454440593719482, 0.7676961421966553, 0.7822750806808472, 0.7976213097572327], "val_loss": [0.6049380898475647, 0.5949544310569763, 0.5812479853630066, 0.6264365315437317, 0.5907710194587708, 0.5791807770729065, 0.5750330686569214, 0.591871440410614, 0.58152174949646, 0.6050994396209717], "val_accuracy": [0.6836363673210144, 0.6909090876579285, 0.7163636088371277, 0.614545464515686, 0.7236363887786865, 0.7345454692840576, 0.7236363887786865, 0.7054545283317566, 0.7163636088371277, 0.7090908885002136]}